time_ms,vibration,mag_x,mag_y,mag_z,distance_cm
52.0,0,-42.0,-158.0,1498.0,-1.0
584.0,0,-42.0,-156.0,1496.0,-1.0
1091.0,0,-48.0,-156.0,1488.0,57.22
1598.0,0,-40.0,-153.0,1493.0,56.8
2105.0,0,-45.0,-163.0,1515.0,61.49
2638.0,0,-48.0,-158.0,1512.0,-1.0
3170.0,0,-53.0,-171.0,1491.0,-1.0
3702.0,0,-37.0,-161.0,1491.0,-1.0
4209.0,0,-40.0,-171.0,1505.0,59.21
4717.0,0,-53.0,-163.0,1493.0,58.21
5250.0,0,-66.0,-166.0,1493.0,-1.0
5757.0,0,-58.0,-161.0,1491.0,57.09
6264.0,0,-63.0,-171.0,1493.0,56.92
6796.0,0,-48.0,-171.0,1498.0,-1.0
7303.0,0,-48.0,-171.0,1493.0,56.78
7810.0,0,-45.0,-168.0,1488.0,52.48
8342.0,0,-45.0,-156.0,1515.0,-1.0
8849.0,0,-68.0,-158.0,1498.0,54.55
9381.0,0,-53.0,-163.0,1496.0,-1.0
9888.0,0,-56.0,-163.0,1515.0,57.07
10395.0,0,-58.0,-166.0,1505.0,55.25
10902.0,0,-53.0,-158.0,1517.0,57.1
11409.0,0,-40.0,-178.0,1493.0,48.86
11916.0,0,-58.0,-163.0,1493.0,57.07
12423.0,0,-53.0,-163.0,1498.0,47.45
12928.0,0,-53.0,-156.0,1493.0,16.46
13434.0,0,-45.0,-166.0,1491.0,44.37
13941.0,0,-35.0,-163.0,1476.0,45.2
14449.0,0,-56.0,-163.0,1493.0,49.47
14956.0,0,-71.0,-161.0,1507.0,51.63
15463.0,0,-53.0,-156.0,1498.0,51.44
15970.0,0,-48.0,-163.0,1493.0,51.61
16477.0,0,-48.0,-168.0,1488.0,50.58
16981.0,0,-45.0,-156.0,1507.0,3.59
17486.0,0,-58.0,-158.0,1501.0,16.13
17992.0,0,-45.0,-163.0,1496.0,37.35
18499.0,0,-51.0,-158.0,1491.0,57.09
19006.0,0,-42.0,-148.0,1505.0,56.63
19513.0,0,-51.0,-153.0,1496.0,52.67
20020.0,0,-42.0,-171.0,1501.0,51.27
20527.0,1,-73.0,-205.0,1512.0,60.79
21060.0,1,-91.0,-263.0,1573.0,-1.0
21592.0,0,-83.0,-248.0,1576.0,-1.0
22099.0,0,-58.0,-238.0,1566.0,56.93
22606.0,1,-63.0,-156.0,1600.0,53.7
23113.0,0,-40.0,-161.0,1576.0,52.33
23620.0,0,-5.0,-173.0,1566.0,59.5
24128.0,0,-5.0,-166.0,1553.0,52.65
24635.0,0,-7.0,-166.0,1571.0,50.4
25141.0,0,-12.0,-158.0,1576.0,43.38
25648.0,0,0.0,-146.0,1578.0,42.24
26155.0,0,-15.0,-132.0,1612.0,39.22
26661.0,0,51.0,-151.0,1610.0,37.59
27167.0,0,-2.0,-148.0,1615.0,39.22
27673.0,0,15.0,-125.0,1622.0,43.78
28180.0,0,35.0,-127.0,1602.0,39.22
28686.0,0,81.0,-137.0,1610.0,37.83
29192.0,0,61.0,-137.0,1586.0,40.39
29698.0,0,78.0,-132.0,1602.0,40.39
30204.0,0,68.0,-132.0,1600.0,44.61
30711.0,0,353.0,246.0,1781.0,43.38
31218.0,0,728.0,826.0,1517.0,39.92
31724.0,0,743.0,821.0,1517.0,44.98
32232.0,0,726.0,808.0,1540.0,50.24
32738.0,0,711.0,808.0,1542.0,44.0
33245.0,0,721.0,821.0,1545.0,45.39
33753.0,0,711.0,818.0,1545.0,56.92
34260.0,0,708.0,816.0,1556.0,45.59
34767.0,0,723.0,821.0,1540.0,45.61
35273.0,0,716.0,821.0,1547.0,43.16
35781.0,0,706.0,833.0,1553.0,51.78
36286.0,0,708.0,823.0,1542.0,24.67
36794.0,0,713.0,831.0,1561.0,52.14
37300.0,0,692.0,721.0,1493.0,37.37
37806.0,0,-12.0,-163.0,1491.0,36.43
38313.0,0,71.0,-110.0,1622.0,51.12
38820.0,0,66.0,-91.0,1617.0,56.63
39327.0,0,68.0,-86.0,1605.0,56.93
39834.0,0,58.0,-110.0,1620.0,56.47
40340.0,0,63.0,-110.0,1622.0,29.38
40845.0,0,190.0,156.0,1186.0,17.1
41350.0,0,251.0,186.0,972.0,18.07
41855.0,0,63.0,-112.0,1593.0,24.36
42363.0,0,42.0,-105.0,1600.0,54.91
42870.0,0,71.0,-107.0,1610.0,47.84
43377.0,0,56.0,-115.0,1605.0,54.21
43884.0,0,68.0,-112.0,1635.0,52.99
44391.0,0,63.0,-115.0,1612.0,48.86
44898.0,0,56.0,-100.0,1610.0,50.24
45405.0,0,53.0,-122.0,1612.0,56.12
45912.0,0,73.0,-102.0,1622.0,47.65
46417.0,0,61.0,-102.0,1632.0,18.72
46923.0,0,66.0,-102.0,1617.0,43.16
47430.0,0,66.0,-102.0,1620.0,38.28
47935.0,0,66.0,-102.0,1620.0,16.13
48442.0,0,61.0,-117.0,1612.0,51.46
48947.0,0,68.0,-102.0,1607.0,28.19
49454.0,0,78.0,-7.0,1566.0,45.39
49961.0,0,-88.0,382.0,1008.0,45.41
50468.0,0,-110.0,660.0,1116.0,41.09
50974.0,0,53.0,-32.0,1576.0,19.04
51481.0,0,58.0,-102.0,1612.0,53.52
51988.0,0,61.0,-102.0,1607.0,59.48
52496.0,0,51.0,-105.0,1617.0,54.21
53003.0,0,66.0,-112.0,1622.0,50.25
53510.0,0,66.0,-100.0,1625.0,56.46
54014.0,0,53.0,-105.0,1620.0,9.74
54519.0,0,73.0,-110.0,1620.0,7.11
55027.0,0,68.0,-107.0,1617.0,56.12
55533.0,0,73.0,-112.0,1617.0,36.43
56037.0,0,78.0,-105.0,1615.0,5.18
56544.0,0,71.0,-112.0,1615.0,60.38
57051.0,0,71.0,-120.0,1617.0,38.96
57557.0,0,63.0,-110.0,1630.0,38.51
58063.0,0,66.0,-115.0,1620.0,38.98
58569.0,0,58.0,-112.0,1605.0,40.15
59076.0,0,71.0,-127.0,1615.0,56.63
59583.0,0,61.0,-112.0,1617.0,55.42
60090.0,0,63.0,-110.0,1610.0,56.93
60597.0,0,66.0,-97.0,1627.0,53.18
61104.0,0,61.0,-117.0,1605.0,51.63
61611.0,0,73.0,-97.0,1610.0,52.5
62116.0,0,61.0,-115.0,1686.0,16.46
62622.0,0,95.0,-97.0,1630.0,44.59
63128.0,0,68.0,-100.0,1632.0,18.72
63635.0,0,71.0,-102.0,1615.0,57.09
64142.0,0,56.0,-117.0,1617.0,57.51
64649.0,0,68.0,-102.0,1617.0,54.72
65156.0,0,63.0,-107.0,1630.0,52.48
65663.0,0,63.0,-112.0,1607.0,49.88
66170.0,0,56.0,-102.0,1612.0,50.06
66677.0,0,61.0,-105.0,1620.0,57.66
67184.0,0,61.0,-102.0,1617.0,56.78
67691.0,0,63.0,-112.0,1617.0,53.01
68198.0,0,56.0,-117.0,1605.0,51.42
68705.0,0,68.0,-107.0,1630.0,50.22
69212.0,0,63.0,-107.0,1615.0,56.78
69719.0,0,66.0,-112.0,1600.0,56.78
70226.0,0,63.0,-117.0,1612.0,50.61
70733.0,0,63.0,-110.0,1607.0,50.06
71240.0,0,68.0,-122.0,1617.0,50.06
71747.0,0,58.0,-110.0,1600.0,50.06
72254.0,0,68.0,-105.0,1632.0,47.43
72761.0,0,83.0,-125.0,1617.0,48.64
73268.0,0,66.0,-107.0,1620.0,50.4
73775.0,0,61.0,-105.0,1615.0,50.76
74282.0,0,71.0,-110.0,1602.0,55.93
74789.0,0,68.0,-110.0,1632.0,50.4
75296.0,0,68.0,-112.0,1622.0,52.99
75803.0,0,71.0,-107.0,1627.0,53.69
76310.0,0,86.0,-102.0,1610.0,50.42
76817.0,0,66.0,-102.0,1610.0,52.82
77324.0,0,71.0,-105.0,1620.0,50.24
77831.0,0,73.0,-95.0,1600.0,53.69
78338.0,0,68.0,-97.0,1602.0,50.05
78845.0,0,95.0,-95.0,1593.0,50.74
79352.0,0,73.0,-78.0,1610.0,49.25
79859.0,0,76.0,-107.0,1612.0,50.76
80366.0,0,71.0,-102.0,1602.0,50.73
80873.0,0,83.0,-102.0,1607.0,50.74
81380.0,0,81.0,-105.0,1617.0,52.14
81887.0,0,76.0,-102.0,1602.0,50.4
82394.0,0,73.0,-95.0,1620.0,50.76
82901.0,0,76.0,-105.0,1615.0,47.82
83408.0,0,66.0,-110.0,1610.0,50.58
83915.0,0,66.0,-100.0,1600.0,48.26
84422.0,0,81.0,-115.0,1615.0,48.43
84929.0,0,61.0,-122.0,1612.0,46.0
85436.0,0,73.0,-105.0,1602.0,50.24
85943.0,0,76.0,-97.0,1597.0,56.93
59295.30396772803,0,60.27826617144924,-98.00572752729828,1612.7104836649703,55.682562466101864
8651.851692197792,0,-51.858941035160434,-147.1142276955951,1523.6650455139788,56.45477854128091
29903.92597280485,0,60.27754191810292,-151.41350180492626,1583.8781907662194,40.30509843808393
44585.91064296924,0,66.23678965998336,-99.22844304374227,1615.9509819043487,49.575324502595485
15485.626881155662,0,-47.346901655890534,-172.72445270211284,1496.6740804561327,51.69853076119257
59722.91356039555,0,71.9044629669969,-110.42742998615364,1608.88642751892,39.038493234438576
63226.27148364,0,58.52307401293456,-108.02925159793156,1637.254133222896,19.14419407954026
24235.553358132613,0,-7.335610972614937,-170.5949667678831,1573.8925169001316,42.23934583254835
54062.13280183924,0,82.80251590278516,-122.10912977181825,1617.329926414617,49.48291788624602
67153.60274450757,0,53.24916766251413,-83.97690080529627,1608.3752042234362,56.57545789795021
8035.446219714018,0,-48.744635232686605,-154.79767147833385,1512.5317706589292,57.25441507213507
13037.715497306835,0,-44.67540168384053,-140.56963946403093,1496.4829292017537,15.55457000088354
83925.12228308721,0,82.720372952932,-93.0227809458543,1616.5685273198717,50.89601529964592
62585.867429343954,0,68.3326070663408,-100.76579792728852,1628.8687141902778,18.655961545030653
16162.739283947598,0,-75.90037070434619,-145.81323707982347,1501.6688783634715,51.225164702725955
58763.040066939655,0,65.51944177238755,-142.61085290980398,1609.1313513947416,56.57793181094373
55350.91090130983,0,53.03808345093384,-90.7242841060331,1621.9316263374064,56.5608492658681
61648.29320663154,0,66.30918470853254,-92.10773497266156,1608.306817145179,52.526443275723565
1016.8587758285632,0,-43.9091346136331,-123.0845813890762,1511.393961448639,0.0
19316.753336960945,0,-31.098450644354692,-127.51117899465643,1507.9618860995088,56.64469733184227
58008.275079710846,0,49.03039697156177,-120.40366247651934,1616.5943798653554,55.93489861183744
43279.70710166687,0,57.43310336729886,-135.67419949145,1637.1863381184216,52.00541851189477
50079.65863662056,0,57.87149011108515,-117.36338269613796,1606.3129500734146,52.2586596002433
35720.447343321546,0,701.8299283180487,818.3401664514985,1552.6421485383514,46.211713295522195
53871.322647207024,0,71.48413346483304,-96.99505019976684,1622.9791866944452,8.728790022070825
55810.61110257825,0,66.76955832759226,-119.95809991940506,1626.0471564002717,39.004617440026
53308.92317641698,0,75.30854358584106,-95.55665054525532,1620.9144796086684,55.29060315301337
40377.565741136874,0,65.3126774728893,-111.18261431984077,1623.2550808555684,55.940927640933545
82228.75363476598,0,72.90456135802575,-93.6638899029388,1609.3484378579149,50.2876098403928
28623.841205037093,0,95.40610916845723,-135.09865773487277,1603.399195342895,39.72774428333861
52524.56484007589,0,62.006394140407714,-102.26929060105276,1623.7036664232214,9.533492941655288
28542.311036850613,0,61.78637990430384,-112.25028786820955,1601.0622453873482,46.075195068092434
37887.70166601396,0,67.03719047262426,-75.30186654320201,1619.300789604009,56.88572508546548
64005.69153874978,0,68.235021993514,-120.53883258681508,1614.109289203099,57.635781926794586
57255.441613153474,0,79.67337102609133,-94.09965750574072,1620.4506398430349,59.14948569774282
42883.496177510664,0,75.42529443081251,-112.44438034177782,1611.8049264817364,48.98890130900045
40704.30116221743,0,-8.626629819553102,-168.5996700202592,1499.3298372482257,36.807345426552
12152.987246598976,0,-40.46012121365821,-156.8060196014631,1488.5481466376584,44.45538815667888
1959.2341706138257,0,-51.94896932173807,-133.26313799787076,1500.3632662742643,54.9527436464412
43496.22820164797,0,50.30656764566619,-93.06197374127096,1607.6659422067785,48.61228826428535
34367.47412145585,0,711.8883210271466,810.3451860185214,1536.5690966738675,51.21060640425074
71957.8147143766,0,82.18091788404433,-107.41566399411792,1614.8514003541518,49.37336431744849
71341.18302524331,0,63.58559470854326,-115.12598602673812,1626.4118687666414,46.727343414060776
28418.189745203403,0,4.6526117723940175,-129.09763905085725,1628.328058387665,42.80490741359898
72855.31727370188,0,61.50340429296804,-134.99725967931192,1612.5944222666487,51.21812416497978
80664.88310600402,0,74.73390784289933,-106.76572123456236,1594.9567285112953,49.84300354597587
4604.527971743793,0,-41.669255077498114,-179.08985152850613,1506.542690623801,59.84437101048103
31930.46430869648,0,769.5585659196892,801.6681312481883,1516.5527766752866,45.71963486372995
51831.30102299858,0,53.68631400660394,-40.374729111860745,1568.080451424499,19.173935130561233
58806.3889337728,0,76.4252521792522,-100.86438656462332,1618.5420194234653,55.32287230453134
72141.48848491613,0,75.35127598825835,-104.07889467640636,1619.2848791739486,51.625044022373345
8428.225140060777,0,-47.3160034089974,-136.4435824635299,1492.1608917476008,0.0
25413.947250741632,0,-8.508293211542217,-155.68702194743682,1574.861181237235,51.777578386767495
41636.07015755243,0,205.7642259452864,153.8876550200838,1175.808469148221,16.76633359919507
59200.41896703667,0,70.91216715785697,-102.08456385034792,1616.9604632127043,55.31364877533332
41334.99021449523,0,245.3188392222975,164.02994299331596,968.6739873064104,18.87849956682935
81648.64785784393,0,65.2454773154456,-98.04280950112243,1605.0682949277846,51.97105640481102
36742.41662880183,0,705.8828573174624,826.0307732521633,1542.4428490258713,58.2671155537327
62667.61918987181,0,72.5185261253711,-86.52655659853339,1637.512588360947,18.880148520334764
70287.99307983981,0,52.53547220064687,-122.01421700537058,1611.558389566893,49.879842710990005
68199.53611682412,0,60.6553744184113,-114.84395588926054,1606.4737368919148,56.683510216760325
77158.8729725363,0,65.51370435046479,-103.16999741017617,1614.029761287611,52.64950590936669
67999.1484090084,0,40.61436594365569,-114.45398508766444,1608.5661792076032,49.57756161568677
77636.47251580647,0,65.43440383789829,-104.28603197342235,1618.1995373334416,50.2621990741008
62160.95317642561,0,64.52353311180235,-108.79253071351866,1636.719237692245,17.771931478131524
65337.78393063777,0,57.51392721273542,-108.54117340489238,1604.159302042819,48.51852561216074
3358.095466091862,0,-41.80700553821535,-132.62204841693034,1495.2877015007705,0.0
21709.0964114318,0,-94.82810035974488,-245.0615076398776,1570.2615454305476,0.0
38011.71837729293,0,73.29920250962641,-102.12528731759502,1614.3212447558292,57.77297467699254
9394.742221345665,0,-56.25478149768779,-163.68432556697937,1524.3232548067012,57.27816710135937
75216.85169042449,0,79.8786259355627,-103.3367200992108,1637.9325851974645,50.545470547214386
45066.86075088772,0,72.1853202879287,-92.17416597713527,1617.8761197465424,48.54049135121417
20179.00150168412,0,-36.700652994946694,-159.13058240709975,1507.2627135309358,51.216580928021216
1556.0301508627515,0,-33.12125080919593,-146.7981243316309,1492.7859065031687,57.749731644509424
1262.2744604535242,0,-47.09747563560393,-161.90272467422102,1489.5635930776014,57.356704770378066
65916.68780705253,0,90.48680498809178,-95.14809974486369,1632.0566184933527,52.55593097732821
32585.8205923847,0,719.5569851794532,812.2745319176522,1543.226161131222,42.06602088428773
84344.20178863847,0,84.16466831515756,-90.7996627790377,1597.841601385653,57.43556130478104
42870.3081426142,0,58.82568960794373,-123.45196106762292,1620.8931954290165,46.8920803498764
11384.101199747583,0,-62.17903404163731,-150.59843666060044,1503.5383598287708,54.7154269540223
9849.24215224823,0,-47.904341828146265,-150.70950564244458,1516.0768921626454,57.08978199150359
15456.243960008278,0,-87.10003512258282,-157.32599748635107,1507.6570610410413,52.42889241472888
61760.80598958331,0,66.81363777927213,-153.10900655654106,1620.4996761156558,55.327110091100984
67167.13240141366,0,67.13750047096656,-117.40335666494175,1611.7525456888602,53.24651282697255
52678.558672329666,0,55.25820526071083,-96.57744511221216,1607.6781081110194,52.9251946170371
77190.56721628377,0,67.46611157140586,-104.65952324495936,1630.118179043665,49.87034002032482
15740.96593740594,0,-61.485094622000496,-163.0572843353763,1501.6039238907815,51.293388652049195
18561.565987739927,0,-29.18565385430624,-168.6437142190801,1496.7072208260115,55.548572460078454
14717.37884776131,0,-66.69040199090247,-165.71120591771245,1501.2649382568964,52.00337287030816
66843.40785905495,0,68.56621668713998,-111.6156290769079,1620.494832028812,56.15515508233872
17699.01057307026,0,-46.9204940418081,-188.177261763432,1505.4594187639498,50.68303818715293
60932.9111502875,0,63.674481525581136,-100.97071864880762,1606.486014176661,52.22552267998786
75441.60790434494,0,89.58147404817481,-123.69925558583849,1628.5396677997228,52.10702403980424
3404.4218016211325,0,-42.1977673502974,-182.64281195052217,1507.0857142137504,60.11344763587734
48670.34912179116,0,62.71786168587093,-109.90666253740208,1617.3139895095098,14.991778338239577
46001.12980095286,0,54.72080660562604,-97.73238333123132,1628.9278483434034,47.86625647620116
54963.7845026549,0,47.88356798572026,-113.74507449816588,1621.212986402389,53.38888170068668
15600.775285633845,0,-76.92196853466413,-168.88087422032274,1505.7040747456722,52.29261775134658
47568.808462672,0,75.41984092933541,-13.581606391880102,1575.4250095630516,45.721975196203694
33186.831064622405,0,712.3345831976549,829.9409079392332,1546.955784384079,57.65298594708147
85255.91298386926,0,51.870554743456665,-129.09076294001858,1611.3981274324278,45.04125618435971
82971.73325810737,0,81.75909906525654,-81.42638465229706,1615.0388950945337,49.696138883131795
73770.58586683843,0,93.55348729052136,-115.41175524934576,1615.193729428891,49.80624873854904
80311.28641941035,0,83.85995981453883,-112.46033584004086,1602.1312072460223,51.195102405758306
17639.299603746174,0,-38.732363469467714,-168.98747787608275,1500.511396629228,51.78930159437975
45735.16515498487,0,76.70905244576105,-100.91530615837485,1623.6511228130728,46.4337259005611
10766.067066398427,0,-62.79143144661525,-134.00655268032685,1521.3882483425648,57.469226593504914
11028.540813678004,0,-77.65115477505424,-188.322833367935,1517.4322001619337,56.68358833117135
58114.711262817946,0,76.54387686198484,-115.2027091398227,1624.0347986263005,6.87185181926491
58105.580387056834,0,68.7216838802028,-113.24757240383929,1618.3950966110842,37.532077966280426
5433.444181103593,0,-72.03811289589582,-182.1316533251319,1494.547771403357,58.146541017768584
34941.82085366428,0,697.167073028839,841.6781376676697,1552.754746510892,50.99210734813552
71346.39897862106,0,53.81071434300323,-110.48373847118476,1617.0142300758782,50.9202960214084
70220.21714949248,0,63.36717685666464,-102.37708758171058,1615.6303757569085,55.15559512455384
3799.38815019338,0,-36.6288109790621,-138.45118466159087,1485.047995742175,0.0
58583.64777417607,0,70.06784567372951,-103.6862838241997,1618.957645088445,39.275146332069646
78430.68275319735,0,52.62746118935605,-107.65721582562176,1601.560121657688,50.4534447165884
38895.555032297314,0,51.990744861974065,-101.72976351274254,1621.5684370434517,57.52451125328966
80633.04208273473,0,69.78282300407383,-99.50332692850868,1605.841047374376,49.83752358090582
14550.027685810412,0,-61.76871944152484,-160.78540091027813,1500.5516500292986,51.498878616679185
117.17991611262812,0,-36.065571364397165,-182.82298185892515,1487.769075520453,57.9737600046375
45561.17294939784,0,76.1984124435046,-121.7129185443727,1630.1938875036285,48.29883740834673
82314.69866994527,0,81.32927094235541,-80.50807114934715,1615.9587261249965,51.37566122597518
12000.003586052158,0,-56.15413318125293,-155.7037874530235,1493.333713378575,55.89019622719627
83580.56454316579,0,77.92445145356115,-121.21593619143674,1621.0832495429554,52.34811199625321
24120.507720814592,0,-29.636039047900304,-140.47233114720908,1609.927126012945,39.74250221265561
53749.91646174166,0,47.228725841733095,-122.6008444495346,1609.7555183184998,51.53161346889369
80018.97217962588,0,77.25747417158988,-70.80927453345254,1608.830974549682,48.89497229428122
43990.35347419381,0,56.1431645836126,-140.37854239166856,1601.297381980732,54.222611198946645
40111.63716226044,0,196.4324428012684,141.81725084956696,1184.9630968167726,17.48019156494953
62761.44326315939,0,102.12188213034592,-109.67750767648612,1631.0319470945997,44.72265694362732
79708.83959748961,0,80.44090484086317,-95.51019578758849,1607.5993701842742,48.28961036180147
35687.87469168151,0,705.8886939113158,722.3686783350928,1491.2323954369044,36.7617024225312
58684.41173496163,0,64.27601759755063,-141.22724326718514,1605.871561544196,57.459260441300934
79414.84209411776,0,78.89697488729124,-106.72538703643568,1606.459419597912,51.27522285738528
73749.38594397731,0,72.01499182867677,-105.63497109677571,1626.4441940445986,50.94026318969301
31888.494558435938,0,83.1944469296623,-151.48853809470378,1603.424669223327,45.23075381196848
67519.37255422451,0,73.66083005465657,-121.5691469748517,1605.657434394697,50.49229959246808
86369.137045654,0,58.56330764534425,-139.25893792334082,1612.3633576843883,47.12877597114346
17302.32086144329,0,-56.6993612990361,-149.52370444920538,1489.6133100447478,56.12218068788924
66430.25367840535,0,64.44432112907538,-116.3201803301578,1618.392387530453,57.545409337779375
48355.30937610275,0,81.22185992895751,-12.068769675754004,1565.3901424871017,45.297909167051046
14481.42835591104,0,-67.30029298962583,-176.71980758248117,1495.2653957285484,50.505785826566346
11338.731570536163,0,-47.024331468354674,-158.44465084400622,1501.8898679393324,0.0
74629.9155167424,0,79.78902869226556,-98.89725046986948,1627.7813890839795,53.135795448436326
10220.608627069312,0,-50.73859422737143,-172.2017840160337,1504.1776591765747,55.56186188768656
25465.76809525403,0,43.70048645179303,-156.6934244674163,1597.9066996333015,38.10712552285348
14327.376847716772,0,-67.62759947460836,-157.2575127723988,1499.8235612697702,51.94712025004703
9616.65296360923,0,-52.7113622739358,-183.5889769551015,1522.3191629560524,58.391452937191424
85026.13255229534,0,70.75776840008794,-119.85564664723398,1606.6381910209057,51.79716240935328
56542.43995225025,0,77.61965577150873,-110.20704171543034,1616.202899825928,36.373534268198874
57485.64971554536,0,69.12274257224566,-81.88973008172047,1620.2415411515287,56.02204508860199
12111.064426281338,0,-62.75471364636396,-190.85686549516137,1494.5951921425724,57.42133665038647
60555.66334981149,0,71.79168714787767,-129.40925282627788,1609.846049189743,56.185477457368215
49894.45522690075,0,-101.17309508038436,398.0200449381732,1013.7794648521592,45.489288519145
76368.44577983311,0,64.4847439491352,-142.61150708424958,1620.907535499133,52.67371845375376
28205.7788986073,0,-11.838010510697371,-178.2272841915709,1616.908020063673,38.98152667111339
56965.69980101744,0,83.98216722982814,-115.6637435411779,1619.4128273260296,40.6052505382373
17530.431041635544,0,-43.28037452208114,-191.60726366564535,1494.1608587591822,49.54747628179977
81527.87747388985,0,92.64734563364372,-103.40991330885282,1601.898971560502,51.3834713894742
3155.585845539834,0,-66.11584816686094,-153.4976849473433,1498.6124449869044,0.597029810400433
77695.0449044756,0,66.70223291148552,-92.30293295203876,1605.3424886526134,48.70031972514617
64693.68251699418,0,72.0491315180976,-94.05499240884976,1633.4722071199424,18.91092559607203
58978.88253845893,0,53.947039134712725,-113.6637236055926,1627.5275118192274,36.44891932470292
48083.7643279325,0,64.53183032295892,-123.68650814329332,1612.8194859462549,51.25135402967423
64905.43109630137,0,65.99164804438337,-100.49464567797736,1622.5148071072888,53.80585175190194
52765.98958904443,0,71.80166247869076,-107.580473278868,1617.3765055333342,55.920081909956295
74478.92388157778,0,77.24895050077905,-110.9198073970628,1626.334716088171,54.04791184801626
45230.22135821499,0,54.56299407343349,-87.50375046508664,1617.546344084824,47.533638640244895
58101.15100675861,0,75.88237340183215,-105.60531913479991,1621.6100487428466,38.23590114599953
39005.04241894023,0,65.68698003775853,-88.93340798541044,1618.3776464387731,56.18312201930984
78957.1419972082,0,89.0887103322815,-89.88973519434464,1612.5766881898362,50.1489628281317
39327.15736343403,0,53.11336355928563,-86.20251953015887,1587.333663768566,24.299841758078525
4861.820320205585,0,-53.80131097119655,-155.3176785598497,1488.9314693922229,56.08222556347438
4687.473053496392,0,-50.15014189481634,-168.1993875569173,1491.2457002312603,0.0
30912.98104426331,0,745.2738218765512,832.6899222598743,1511.3589435779895,46.14934269407735
73051.54360620462,0,49.11750763892534,-104.20446626514769,1616.4628875136268,51.01753147873602
57912.130296146446,0,71.57069042352268,-105.78107563777652,1611.597633292486,39.28236376748484
63861.22859483487,0,71.91140319810886,-111.36887514816202,1608.111693632391,54.87586273341218
63792.26846670762,0,71.37308646529809,-107.50190511375574,1604.8860669453948,58.40063130139589
22063.65882903175,0,-30.339832077838047,-165.5513996996389,1577.4231490283532,50.67539566623431
6071.25991912337,0,-38.78076101619815,-150.7876945347356,1486.861538735617,51.87278698232798
28059.631632179196,0,83.03824858881754,-150.3480154388109,1615.1853936150585,36.602799105056455
7248.807371659716,0,-84.85741595229274,-166.20538063700636,1502.7398861030665,54.23132863939268
26740.793419674497,0,-15.976789178416016,-116.33359035664976,1606.1942210840298,40.74557402993159
27641.322152454373,0,23.33180905531937,-129.2249869630965,1621.3666909714202,44.317282639223635
74452.20884265547,0,64.35214294898624,-93.1474483005571,1615.7665635109952,50.70650563790874
58785.45604306869,0,66.6749048049546,-122.42928828630995,1620.9998806791516,56.3587736487043
45136.92680244662,0,61.23636590746299,-126.3345125172963,1605.9909138567575,55.693386373081594
78608.08451110279,0,69.76429876711748,-97.4042300033318,1598.0473461485649,53.621163583923135
81941.13531115233,0,80.6712489816287,-85.21591039984824,1620.5349452088906,50.07411963397363
16622.691987851205,0,-56.855693745385906,-164.78904185178422,1504.419532308705,16.54626649514843
86796.33933989775,0,67.117771016342,-90.53389835456149,1597.064136060558,55.47644985299531
79635.2533737547,0,73.08051191075207,-110.65488958685988,1604.9652758401253,51.061776957286355
68297.2679413946,0,53.800259920309905,-96.63361389038198,1615.2097409439964,57.00375980437853
18232.54312844592,0,-62.6077156926781,-168.02936481152452,1499.5982984944844,37.13166833425437
5216.039203416602,0,-55.76379253455785,-143.31274589781034,1515.1691084399167,0.0
0.0,0,-45.06602988183519,-160.95284480020402,1492.8966969885823,0.0
16780.13748891927,0,-36.74878443513515,-166.48173607849944,1505.769451890077,38.94498483293534
15795.894803579957,0,-52.390026869067135,-152.1429370652166,1504.0320764935564,3.0782178641407425
67363.09038030128,0,69.14736247803752,-121.93492069398336,1604.628650474801,50.731757761557915
35520.647905481695,0,706.5758978856584,842.7825983725562,1544.3439594037468,42.904904662200465
69400.46705129459,0,61.80648031668643,-106.22367869951212,1614.3228498088797,49.72184934874328
16801.84204608452,0,-58.50673737830406,-150.78417870626205,1499.9511890538245,51.49244629205568
35437.65976219642,0,693.2702551445631,869.6855383690066,1538.6528487614917,51.6530789538689
26785.211197070235,0,-12.515840034318463,-198.9505966200269,1556.3778101517223,52.01549346202122
742.825813990001,0,-35.264861629440034,-161.7135509964106,1492.7049883136112,0.0
62063.90903384678,0,57.162848662087626,-94.9219770318114,1631.717217856466,18.33900119823952
51112.112687508125,0,57.09448845341243,-99.30312259161865,1606.5148928669832,28.821169941774865
70365.21252025107,0,55.567867784322,-115.229122613368,1613.086645326429,49.727599940903424
42326.34798574902,0,71.69439179063282,-96.84122371028562,1611.312445515764,46.97087681819582
41942.83304393156,0,192.32053202143405,142.10031193923612,1182.9012456528767,16.822995355955758
29995.242123268403,0,61.40368674893017,-141.43818309872458,1594.082448117898,39.21554085423738
69661.32858302175,0,65.19535383992391,-120.02877961658008,1622.6783397314723,49.73627701833733
81609.24846428391,0,80.84578428759148,-75.96315544763692,1614.639986131314,51.8286331374069
66629.09817229628,0,58.674798033418625,-108.82494700497378,1618.9269040464603,57.7032265970092
34181.35938856153,0,715.3007064452211,811.8200624426282,1549.0085159849116,56.37557516466384
57333.74370517609,0,71.83457326151664,-126.8617449885273,1628.0023052535075,38.95213522776974
34078.33718019154,0,706.7873293616345,829.4394350666485,1548.0712597644829,43.84701121194262
73561.20479322028,0,58.55455512019567,-89.99694262999878,1608.4648422020618,50.6348144972934
31037.643470027604,0,696.7670812901612,775.7404616726303,1533.1030813098512,46.94592173269231
58622.54024409931,0,66.53608451014374,-70.2927475049716,1609.9549540964415,54.97613613523631
71617.06347470092,0,51.842175527393955,-131.789915117941,1610.146313153346,50.612999894636175
47575.86052888645,0,63.45605410194352,-83.19884606912215,1623.8962227371755,18.335793645116212
11089.642505983573,0,-31.771057389438575,-189.5876874571663,1499.8112735232403,48.96538974697624
19414.529296137083,0,-25.01723587234785,-168.08773903344664,1500.3384137305238,53.386983692646055
81213.94181553904,0,99.17973132486048,-97.42596297876092,1609.0875355218072,49.32037783799341
38459.940640020846,0,65.57954672306859,-99.64203874302244,1624.168228121086,49.21979145077459
74901.33425056624,0,61.36648346811304,-86.08118159724413,1605.173054164297,54.93783610174941
21587.66417727044,0,-34.86059566893752,-186.13022327091264,1504.1396763519604,51.9845673435544
46186.22409519266,0,61.9315977235979,-142.22010952555777,1603.076024964582,56.32993983229092
3416.3911575054644,0,-54.62936675863105,-151.08469315940795,1508.770777458301,0.0
85011.2069126449,0,49.610273365295754,-105.88809583202992,1602.3174297106943,47.81118013943813
1088.67716060127,0,-47.804156749351954,-151.9196030320571,1499.4565288058368,57.07264878197306
52698.10700353233,0,70.40964463249759,-100.30474192539246,1624.0723557209094,50.411798249948944
48979.62304004312,0,62.125494129219426,-97.59043897213624,1621.4737639884695,48.1972536392254
82608.50641280905,0,72.95493359799526,-82.34146108438459,1625.7917144629623,51.18380898800605
11112.516001561244,0,-48.60440551048166,-160.72306252183986,1490.8848120214125,57.41031405162402
40270.84717630263,0,242.6186349931141,185.1155723294333,981.7982688737228,20.087717817097605
12889.186432674134,0,-72.67049021607205,-153.01694262635547,1506.3814141597736,52.3130205137972
8251.778450975284,0,-57.02346033995621,-173.82842576723306,1505.8991311827913,54.90689794497524
82693.56574224429,0,72.9884382496434,-88.4154289486297,1600.1835530546891,51.0637267718114
34404.57063424975,0,714.2905101116563,786.9188763100475,1538.4923769962145,57.29815144771103
9020.449793724742,0,-65.12916288816628,-170.90926691112483,1498.168268493363,1.0306757000484943
29009.40600023652,0,67.2481996024438,-148.31639194182995,1610.859298206895,37.32960221732872
40193.878879897195,0,75.33916639058567,-85.3020063317385,1607.2237796997565,56.35742196155954
47500.817843534314,0,71.67202774260133,-88.69671272506606,1620.887152594675,16.02493246225248
5885.5382216869075,0,-57.82561841405795,-169.72968332196518,1490.7773108214458,57.45801104815842
12585.144924343876,0,-73.8287040754263,-155.2425235924211,1502.9241380264202,50.55691514406314
58673.88389623435,0,58.80483070423236,-108.24858015448407,1623.3130338086971,37.368501268221294
58526.240048226406,0,53.04638320676472,-122.00501586659782,1594.7179902199423,39.22323994665924
2764.6666482650644,0,-35.53481449188246,-155.78330445616467,1507.6094425127114,59.414597405373755
20166.39605519146,0,-63.24359972273011,-158.94335845024688,1491.1882551026426,52.51135472905691
3127.927004819832,0,-82.51349978286532,-163.1861226174802,1490.80041145824,0.0
13618.980166437346,0,-73.82311781826834,-133.92224517654552,1502.4234206628118,52.64545097349391
2327.634871118545,0,-52.13489835564858,-153.08300027553776,1512.7442841157551,0.0
48427.89217613589,0,50.60148255854013,-123.06787262098112,1622.2797671287617,42.65644598794457
80383.83160158318,0,87.51143976440834,-94.29264961670626,1600.640597324434,50.24243909590881
8991.49667027808,0,-58.83855434103265,-168.2070780531867,1498.632460432731,0.0
68708.42096107492,0,57.22043681221447,-116.40591022698884,1628.3823299189476,49.967334493950275
32389.360480879834,0,698.7913361686248,803.9382971534059,1546.3475937125952,55.407556210696576
68135.86034827566,0,44.48574562098869,-130.60975648318197,1599.4930876417343,49.108526325916785
49745.48565761506,0,-92.34576644566484,398.6450482588144,1006.962639349568,45.944346976376906
9754.516221561162,0,-47.828089414090655,-168.1312854368341,1491.783956418992,0.0
62003.27814613242,0,57.82978392207128,-140.8746356123015,1598.637713196994,52.753919093255554
44055.78089299019,0,70.76446835436937,-113.58295080749672,1608.5457134674011,46.73261473517865
77157.04903669082,0,66.17778444152634,-90.63737599297548,1627.3844829834543,52.42128332274057
24274.624958835237,0,-50.1935797311228,-177.04939165757864,1561.6858960536065,51.43290375430264
3300.7414399597073,0,-33.52603085109329,-147.169856818188,1498.7166783907876,0.0
75187.85131756116,0,86.34423823249791,-126.4642267531959,1627.7282680803992,50.47452541139122
37966.47341001303,0,701.2839665785482,811.5695093653402,1544.3500553744675,25.65574452885193
24704.61899284988,0,-41.24785204962818,-114.9905591012492,1608.962196147095,40.90835542549963
52102.77603596537,0,74.45903166801523,-89.1176041633043,1600.7187325886673,61.24477126909897
14020.1972457554,0,-65.35749615572163,-156.32575315571012,1502.923156210542,51.09346476139963
82630.0953402094,0,79.45171975039551,-94.76891630400202,1608.0022208386465,48.88291124195512
9522.961458488007,0,-51.72803705068759,-155.5331251994342,1495.5719248207809,55.97927329390111
0.0,0,-27.683344946467095,-158.47275342411552,1492.4551818012746,0.0
31946.88491962192,0,726.8701890128528,794.3197092638515,1539.7610634553173,45.16345295135917
12603.633619520073,0,-33.32031403380324,-165.7899240867828,1498.2889031827954,47.364117690989104
13583.200765130869,0,-58.98370575280698,-132.32156297522215,1493.8501117822775,15.286544218203332
49277.58783749839,0,73.5827249389499,-20.317306274861025,1565.5198171140082,45.59890526648547
63171.456536001686,0,54.542608237408,-100.86135293633916,1640.8093042078526,19.527872865414903
61394.55801528639,0,61.19529561384265,-102.41893125508804,1611.942691561212,52.634336370200145
22349.5482687885,0,-52.06130047029305,-232.87368918323543,1562.6380692613654,56.76085076301339
55117.311749957655,0,77.22638034424867,-117.58939332225496,1608.3288176122942,38.57392556639864
78071.95895283044,0,104.15706832379408,-83.53350574782735,1593.5380818068834,50.043748333713694
33374.84460409881,0,724.243524671544,837.36607931801,1536.519369685254,44.53789981885058
67015.33023034547,0,86.72944299582264,-103.6342511989412,1619.8144212346874,57.48824966782296
57766.18549863922,0,62.4393363011788,-127.4594353647487,1630.6003118695055,37.25372439962712
28929.610117786848,0,56.613938716186915,-123.24514416158624,1601.8743216548733,44.59696527252173
9547.763857965105,0,-30.30752189001507,-159.23806532506933,1506.6801646846725,55.93704954748126
45415.988115745415,0,81.78485861016007,-102.6613796606312,1624.969904425193,48.30845497994237
4522.2274401763,0,-43.622161154296656,-174.17433608269525,1510.730142314531,59.999488033987255
44174.067783453735,0,83.54949979688467,-142.94282848516605,1606.2156071189954,50.29357492199328
14492.57420876325,0,-37.87988517842831,-170.79068776619877,1493.989750062688,44.27827113220489
29289.52927534889,0,86.43423896088838,-140.97049741737453,1604.4677678873982,37.78907126951274
40753.76354078221,0,265.28337291625974,160.12189633191397,968.0937996917625,18.87164062025849
63977.17619789082,0,59.72477743602269,-113.56407108747815,1629.999048543344,53.06754833079811
0.0,0,-36.344295220868986,-153.56166466129818,1488.8648926680637,55.599879069600966
67273.86762611789,0,53.50849647050936,-116.96096321703288,1615.2398401885162,50.087787346012526
83992.93430970014,0,50.18549446755664,-124.20840916527534,1610.6158366908278,51.43250151422977
32921.2864895661,0,742.1831132906497,831.8571333907277,1518.1885697293233,44.87477691253519
37469.300817251074,0,719.1682312850778,827.1911508968483,1539.2961090817594,24.91196264323337
26445.66259616366,0,-2.1055514613804225,-135.54356616666237,1583.4916038064648,42.467222433111026
78385.24413180162,0,79.98876684228021,-79.617966974475,1608.7595615699763,53.93201866006813
39941.38760123195,0,50.55058015408116,-97.16005862300672,1620.5845205188973,47.63383751820769
31671.259874407315,0,341.10213757486554,274.001385326308,1770.3293729693758,43.958227678397776
33199.520080154616,0,725.7416746764999,840.5068144550875,1535.5155804318656,44.823117669134234
48431.27919945464,0,48.74146002005847,-116.57930928496728,1610.4916244440908,51.09632509134705
4238.847844161686,0,-45.8914467995676,-172.25926977824815,1502.8186684346167,58.63524960593461
40485.2907993037,0,255.82400496759803,194.9717430773408,969.3962002383004,17.153500098865447
81853.9288528782,0,77.19216158467037,-100.91202872032248,1609.9124775616722,50.27761438607578
27937.75624991419,0,46.89010179273082,-165.13105647292076,1608.5199279156147,37.62666120160789
63235.145209237024,0,60.61442222777175,-119.98185853577137,1683.836330167091,16.704650038633275
32076.40074930252,0,720.105265151679,802.9642251005454,1538.0416542361022,50.42239262372227
82690.95763676177,0,63.37920325553777,-114.19638317113032,1605.0326407634234,48.47917794786146
2455.867283779383,0,-40.44889272203648,-174.0321932303996,1486.16389861583,0.0
78985.08100720507,0,53.2486262671224,-81.85200520920827,1609.0023397748014,50.46565427460174
78223.94288370732,0,81.38726709322424,-125.02421756818904,1620.2109011836044,50.10839884207096
40948.43014098826,0,267.42700883094443,173.97136182658258,971.177496119766,17.82172966703906
13278.340576630198,0,-43.20811323476843,-153.71039066010505,1491.7334027126694,17.44509841730748
29234.417966342426,0,59.00363302474565,-117.21556452320604,1594.987674125837,45.79936499876744
75168.49694008785,0,60.55121086154672,-114.46333886731438,1622.022287877352,54.36952194410222
11333.474502198016,0,-65.32931427141366,-170.4898032466291,1501.1643752104042,46.53742830027537
81371.8646457547,0,74.36195548248556,-125.15852258962214,1603.198232645043,52.86852127514402
1932.1537377183704,0,-34.364271292606944,-152.5808163660229,1507.539349940754,0.0588063515884678
13253.144222079323,0,-53.00345340214092,-172.45189702723,1497.0627985849064,48.200054933885234
10750.053849373668,0,-56.024377331225104,-156.7629108122681,1497.0755765747915,0.0
65223.05361479356,0,66.17161833873823,-107.68398454910484,1636.9297038812128,52.61021883334658
23948.53847351572,0,-12.527453812243484,-182.07904557898257,1570.1529418387454,60.50240511669352
75193.2731195179,0,87.98888846354322,-115.64451831301116,1616.4581787504571,50.301876544075064
31107.5950764052,0,723.1962607657879,820.0309843884738,1537.65744868294,42.991257398671095
74158.22062822193,0,66.97183677600525,-105.50693149285055,1631.9513782851554,49.117534401846214
16143.954445570036,0,-33.19243736341131,-156.26190321958052,1481.8719594591255,49.78109135109898
20554.08001945815,1,-73.32199345779959,-210.3204602121868,1510.464672698007,61.034583313139926
20526.99893987652,1,-72.63278082506947,-204.83626571682436,1511.5788331025135,62.86912833263942
20551.953024847917,1,-73.27150135730245,-207.35870101582748,1510.9548229320508,60.16004382891867
20538.15191754498,1,-73.64986027210847,-204.21376165678043,1514.6613274583235,61.40541263315476
21071.81302461883,1,-91.31310627285174,-267.6972872679349,1572.6205273739893,0.0
22603.56945253861,1,-61.81919952517893,-159.27804249422442,1601.6042113588978,53.55619270857336
